Device Type,Device Family,Device Model,Recommended Software Version,Min. Supported Software Version ¹,Min. Cisco DNA Center Release,Cisco DNA Essentials license ²,Cisco DNA Advantage license,Inventory,Topology,SWIM,PnP,Cisco DNA Assurance,ENFV & Routing,Application Policy,Patching (SMU),IWAN,Cisco SD-Access³,,
Switch,Cisco Catalyst 2960 Series,C2960-C,IOS 15.2(4)E3,IOS 15.2(2)E3,1.1,Y,N,Y,Y,Y,Y⁴,Y,NA,Y,NA,N,NA,,
Switch,Cisco Catalyst 2960 Series,C2960-CG,IOS 15.2(4)E3,IOS 15.2(2)E3,1.1,Y,N,Y,Y,Y,Y,Y,NA,Y,NA,NA,NA,,
Switch,Cisco Catalyst 2960 Series,C2960-CPD,IOS 15.2(4)E3,IOS 15.2(2)E3,1.1,Y,N,Y,Y,Y,Y⁴,Y,NA,Y,NA,N,NA,,
Switch,Cisco Catalyst 2960 Series,C2960-CX,IOS 15.2(4)E3,IOS 15.2(3)E2,1.0,Y,N,Y,Y,Y,Y,Y,N,Y,N,N,NA,,
Switch,Cisco Catalyst 2960 Series,C2960CX-8PC-L,IOS 15.2(4)E3,IOS 15.2(3)E2,1.0,Y,N,Y,Y,Y,Y,Y,NA,Y,NA,NA,NA,,
Switch,Cisco Catalyst 2960 Series,C2960-P,IOS 15.2(4)E3,IOS 15.2(2)E3,1.1.1,Y,N,Y,Y,Y,Y⁴,Y,NA,N,NA,N,NA,,
Switch,Cisco Catalyst 2960-L Series,C2960-L,IOS 15.2(5)E,IOS 15.2(5)E,1.0,Y,N,Y,Y,Y,Y⁴,Y,NA,N,NA,N,NA,,
Switch,Cisco Catalyst 2960-X Series,C2960-X,IOS 15.2(4)E3,IOS 15.2(2)E3,1.0,Y,Y,Y,Y,Y,Y,Y,NA,Y,NA,NA,NA,,
Switch,Cisco Catalyst 2960-XR Series,C2960-XR,IOS 15.2(4)E3,IOS 15.2(2)E3,1.0,Y,Y,Y,Y,Y,Y⁴,Y,NA,Y,NA,NA,NA,,
Switch,Cisco Catalyst 2960-XR Series,C2960-XR Stack,IOS 15.2(4)E3,IOS 15.2(2)E3,1.0,Y,Y,Y,Y,Y,N,Y,NA,Y,NA,NA,NA,,
Switch,Cisco Catalyst 3560-CX Series,C3560-CX,IOS 15.2(6)E2,IOS 15.2(3)E2,1.0,Y,N,Y,Y,Y,Y,Y,NA,Y,NA,NA,Y5,,
Switch,Cisco Catalyst 3650 Series,C3650 (Copper),IOS-XE 16.6.3,IOS-XE 3.6.5E,1.0,Y,Y,Y,Y,Y,Y,Y,N,Y,N,N,Y,,
Switch,Cisco Catalyst 3650 Series,C3650-Stack,IOS-XE 16.6.3,IOS-XE 16.6.3,1.0,Y,Y,Y,Y,Y,Y,Y,N,Y,N,N,Y,,
Switch,Cisco Catalyst 3850 Series,C3850 (Copper/Fiber),IOS-XE 16.6.3,IOS-XE 3.6.5E,1.0,Y,Y,Y,Y,Y,Y,Y,N,Y,N,N,Y,,
Switch,Cisco Catalyst 3850 Series,C3850-Stack (Copper/Fiber),IOS-XE 16.6.3,IOS-XE 16.6.3,1.0,Y,Y,Y,Y,Y,Y,Y,N,Y,N,N,Y,,
Switch,Cisco Catalyst 4500 Series Switches,C4500-VSS,IOS-XE 3.10E,IOS-XE 3.6.5E,1.0,Y,Y,Y,Y,Y,Y,Y,NA,Y,NA,NA,N,,
Switch,Cisco Catalyst 4500 Series Switches,C4500X,IOS-XE 3.10E,IOS-XE 3.6.5E,1.0,Y,Y,Y,Y,Y,Y,Y,NA,Y,NA,NA,N,,
Switch,Cisco Catalyst 4500 Series Switches,C4503E (SUP 7E|7LE|8LE),IOS-XE 3.10E,IOS-XE 3.6.5E,1.0,Y,Y,Y,Y,Y,Y,Y,NA,Y,NA,NA,N,,
Switch,Cisco Catalyst 4500 Series Switches,C4503E (Sup 8E|9E),IOS-XE 3.10E,IOS-XE 3.6.5E,1.0,Y,Y,Y,Y,Y,Y,Y,NA,Y,NA,NA,Y,,
Switch,Cisco Catalyst 4500 Series Switches,C4506E (SUP 7E|7LE|8LE),IOS-XE 3.10E,IOS-XE 3.6.5E,1.0,Y,Y,Y,Y,Y,Y,Y,NA,Y,NA,NA,N,,
Switch,Cisco Catalyst 4500 Series Switches,C4506E (Sup 8E|9E),IOS-XE 3.10E,IOS-XE 3.6.5E,1.0,Y,Y,Y,Y,Y,Y,Y,NA,Y,NA,NA,Y,,
Switch,Cisco Catalyst 4500 Series Switches,C4507R+E (SUP 7E|7LE|8LE),IOS-XE 3.10E,IOS-XE 3.6.5E,1.0,Y,Y,Y,Y,Y,Y,Y,NA,Y,NA,NA,N,,
Switch,Cisco Catalyst 4500 Series Switches,C4507R+E (Sup 8E|9E),IOS-XE 3.10E,IOS-XE 3.6.5E,1.0,Y,Y,Y,Y,Y,Y,Y,NA,Y,NA,NA,Y,,
Switch,Cisco Catalyst 4500 Series Switches,C4510R+E (SUP 7E|7LE|8LE),IOS-XE 3.10E,IOS-XE 3.6.5E,1.0,Y,Y,Y,Y,Y,Y,Y,NA,Y,NA,NA,N,,
Switch,Cisco Catalyst 4500 Series Switches,C4510R+E (Sup 8E|9E),IOS-XE 3.10E,IOS-XE 3.6.5E,1.0,Y,Y,Y,Y,Y,Y,Y,NA,Y,NA,NA,Y,,
Switch,Cisco Catalyst 6500 Series Switches,C6500-VSS,IOS 15.5(1)SY1,≥ 15.0SY | ≥ 15.3SY,1.0,Y,Y,Y,Y,Y,Y,Y,NA,Y,NA,NA,N,,
Switch,Cisco Catalyst 6500 Series Switches,C6503E (Sup 2T|6T),IOS 15.5(1)SY1,≥ 15.0SY | ≥ 15.3SY,1.0,Y,Y,Y,Y,Y,Y,Y,NA,Y,NA,NA,Y,,
Switch,Cisco Catalyst 6500 Series Switches,C6504E (Sup 2T|6T),IOS 15.5(1)SY1,≥ 15.0SY | ≥ 15.3SY,1.0,Y,Y,Y,Y,Y,Y,Y,NA,Y,NA,NA,Y,,
Switch,Cisco Catalyst 6500 Series Switches,C6506E (Sup 2T|6T),IOS 15.5(1)SY1,≥ 15.0SY | ≥ 15.3SY,1.0,Y,Y,Y,Y,Y,Y,Y,NA,Y,NA,NA,Y,,
Switch,Cisco Catalyst 6500 Series Switches,C6509E (Sup 2T|6T),IOS 15.5(1)SY1,≥ 15.0SY | ≥ 15.3SY,1.0,Y,Y,Y,Y,Y,Y,Y,NA,Y,NA,NA,Y,,
Switch,Cisco Catalyst 6500 Series Switches,C6513E (Sup 2T|6T),IOS 15.5(1)SY1,≥ 15.0SY | ≥ 15.3SY,1.0,Y,Y,Y,Y,Y,Y,Y,NA,Y,NA,NA,Y,,
Switch,Cisco Catalyst 6800 Series Switches,C6807-XL (Sup 2T|6T),IOS 15.5(1)SY1,≥ 15.1SY | ≥ 15.3SY,1.0,Y,Y,Y,Y,Y,Y,Y,NA,Y,NA,NA,Y,,
Switch,Cisco Catalyst 6800 Series Switches,C6840-X,IOS 15.5(1)SY1,≥ 15.2(2)SY,1.0,Y,Y,Y,Y,Y,Y,Y,NA,Y,NA,NA,Y,,
Switch,Cisco Catalyst 6800 Series Switches,C6880-X,IOS 15.5(1)SY1,≥ 15.1SY,1.0,Y,Y,Y,Y,Y,Y,Y,NA,Y,NA,NA,Y,,
Switch,Cisco Catalyst 9200 Series Switches,C9200-24P,IOS-XE 16.11.1,IOS-XE 16.10.1,1.2.8,Y,Y,Y,Y,Y,Y,Y,NA,N,Y,NA,Y,,
Switch,Cisco Catalyst 9200 Series Switches,C9200-24PXG ,IOS-XE 16.11.1,IOS-XE 16.11.1,1.3,N,Y,Y,Y,Y,Y,Y,NA,N,Y,NA,Y,,
Switch,Cisco Catalyst 9200 Series Switches,C9200-24T,IOS-XE 16.11.1,IOS-XE 16.10.1,1.2.8,Y,Y,Y,Y,Y,Y,Y,NA,N,Y,NA,Y,,
Switch,Cisco Catalyst 9200 Series Switches,C9200-48P,IOS-XE 16.11.1,IOS-XE 16.10.1,1.2.8,Y,Y,Y,Y,Y,Y,Y,NA,N,Y,NA,Y,,
Switch,Cisco Catalyst 9200 Series Switches,C9200-48PXG,IOS-XE 16.11.1,IOS-XE 16.11.1,1.3,N,Y,Y,Y,Y,Y,Y,NA,N,Y,NA,Y,,
Switch,Cisco Catalyst 9200 Series Switches,C9200-48T,IOS-XE 16.11.1,IOS-XE 16.10.1,1.2.8,Y,Y,Y,Y,Y,Y,Y,NA,N,Y,NA,Y,,
Switch,Cisco Catalyst 9200 Series Switches,C9200L-24P-4G,IOS-XE 16.11.1c,IOS-XE 16.10.1,1.2.8,Y,Y,Y,Y,Y,Y,Y,NA,N,Y,NA,Y,,
Switch,Cisco Catalyst 9200 Series Switches,C9200L-24P-4X,IOS-XE 16.11.1c,IOS-XE 16.10.1,1.2.8,Y,Y,Y,Y,Y,Y,Y,NA,N,Y,NA,Y,,
Switch,Cisco Catalyst 9200 Series Switches,C9200L-24PXG-2Y,IOS-XE 16.11.1c,IOS-XE 16.10.1,1.3,N,Y,Y,Y,Y,Y,Y,NA,N,Y,NA,Y,,
Switch,Cisco Catalyst 9200 Series Switches,C9200L-24PXG-4X,IOS-XE 16.11.1c,IOS-XE 16.10.1,1.3,N,Y,Y,Y,Y,Y,Y,NA,N,Y,NA,Y,,
Switch,Cisco Catalyst 9200 Series Switches,C9200L-24T-4G,IOS-XE 16.11.1c,IOS-XE 16.10.1,1.2.8,Y,Y,Y,Y,Y,Y,Y,NA,N,Y,NA,Y,,
Switch,Cisco Catalyst 9200 Series Switches,C9200L-24T-4X,IOS-XE 16.11.1c,IOS-XE 16.10.1,1.2.8,Y,Y,Y,Y,Y,Y,Y,NA,N,Y,NA,Y,,
Switch,Cisco Catalyst 9200 Series Switches,C9200L-48P-4G,IOS-XE 16.11.1c,IOS-XE 16.10.1,1.2.8,Y,Y,Y,Y,Y,Y,Y,NA,N,Y,NA,Y,,
Switch,Cisco Catalyst 9200 Series Switches,C9200L-48P-4X,IOS-XE 16.11.1c,IOS-XE 16.10.1,1.2.8,Y,Y,Y,Y,Y,Y,Y,NA,N,Y,NA,Y,,
Switch,Cisco Catalyst 9200 Series Switches,C9200L-48PXG-2Y,IOS-XE 16.11.1c,IOS-XE 16.10.1,1.3,N,Y,Y,Y,Y,Y,Y,NA,N,Y,NA,Y,,
Switch,Cisco Catalyst 9200 Series Switches,C9200L-48PXG-4X,IOS-XE 16.11.1c,IOS-XE 16.10.1,1.3,N,Y,Y,Y,Y,Y,Y,NA,N,Y,NA,Y,,
Switch,Cisco Catalyst 9200 Series Switches,C9200L-48T-4G,IOS-XE 16.10.1,IOS-XE 16.10.1,1.2.8,Y,Y,Y,Y,Y,Y,Y,NA,N,Y,NA,Y,,
Switch,Cisco Catalyst 9200 Series Switches,C9200L-48T-4X,IOS-XE 16.10.1,IOS-XE 16.10.1,1.2.8,Y,Y,Y,Y,Y,Y,Y,NA,N,Y,NA,Y,,
Switch,Cisco Catalyst 9300 Series Switches,C9300 Stack,IOS-XE 16.6.3,IOS-XE 16.6.3,1.1,Y,Y,Y,Y,Y,Y,Y,NA,Y,N,N,Y,,
Switch,Cisco Catalyst 9300 Series Switches,C9300-24P,IOS-XE 16.6.3,IOS-XE 16.6.2,1.2,Y,Y,Y,Y,Y,Y,Y,NA,Y,Y,NA,Y,,
Switch,Cisco Catalyst 9300 Series Switches,C9300-24T,IOS-XE 16.6.3,IOS-XE 16.6.2,1.2,Y,Y,Y,Y,Y,Y,Y,NA,Y,Y,NA,Y,,
Switch,Cisco Catalyst 9300 Series Switches,C9300-24U,IOS-XE 16.6.3,IOS-XE 16.6.2,1.2,Y,Y,Y,Y,Y,Y,Y,NA,Y,Y,NA,Y,,
Switch,Cisco Catalyst 9300 Series Switches,C9300-24UB,IOS-XE 16.12.1,IOS-XE 16.12.1,1.3.1.0,Y,Y,Y,Y,Y,Y,Y,NA,Y,Y,N,Y,,
Switch,Cisco Catalyst 9300 Series Switches,C9300-24UX,IOS-XE 16.6.3,IOS-XE 16.6.2,1.2,Y,Y,Y,Y,Y,Y,Y,NA,Y,Y,NA,Y,,
Switch,Cisco Catalyst 9300 Series Switches,C9300-24UXB,IOS-XE 16.12.1,IOS-XE 16.12.1,1.3.1.0,Y,Y,Y,Y,Y,Y,Y,NA,Y,Y,N,Y,,
Switch,Cisco Catalyst 9300 Series Switches,C9300-48P,IOS-XE 16.6.3,IOS-XE 16.6.2,1.2,Y,Y,Y,Y,Y,Y,Y,NA,Y,Y,NA,Y,,
Switch,Cisco Catalyst 9300 Series Switches,C9300-48T,IOS-XE 16.6.3,IOS-XE 16.6.2,1.2,Y,Y,Y,Y,Y,Y,Y,NA,Y,Y,NA,Y,,
Switch,Cisco Catalyst 9300 Series Switches,C9300-48U,IOS-XE 16.6.3,IOS-XE 16.6.2,1.2,Y,Y,Y,Y,Y,Y,Y,NA,Y,Y,NA,Y,,
Switch,Cisco Catalyst 9300 Series Switches,C9300-48UB,IOS-XE 16.12.1,IOS-XE 16.12.1,1.3.1.0,Y,Y,Y,Y,Y,Y,Y,NA,Y,Y,N,Y,,
Switch,Cisco Catalyst 9300 Series Switches,C9300-48UN,IOS-XE 16.6.3,IOS-XE 16.6.2,1.2,Y,Y,Y,Y,Y,Y,Y,NA,Y,Y,NA,Y,,
Switch,Cisco Catalyst 9300 Series Switches,C9300-48UXM,IOS-XE 16.6.3,IOS-XE 16.6.2,1.2,Y,Y,Y,Y,Y,Y,Y,NA,Y,Y,NA,Y,,
Switch,Cisco Catalyst 9300 Series Switches,C9300L,IOS-XE 16.11.1,IOS-XE 16.6.2,1.3,Y,Y,Y,Y,Y,Y,Y,NA,Y,Y,NA,Y,,
Switch,Cisco Catalyst 9400 Series Switches,C9400 (Sup1E),IOS-XE 16.6.3,IOS-XE 16.6.2,1.1,Y,Y,Y,Y,Y,Y,Y,NA,Y,N,N,Y,,
Switch,Cisco Catalyst 9400 Series Switches,C9400-SUP-1,IOS-XE 16.6.3,IOS-XE 16.6.2,1.1,Y,Y,Y,Y,Y,Y,Y,NA,Y,N,N,Y,,
Switch,Cisco Catalyst 9400 Series Switches,C9400-SUP-1XL | 1XL-Y,IOS-XE 16.8.1a,IOS-XE 16.8.1a,1.1,Y,Y,Y,Y,Y,Y,Y,NA,Y,N,N,Y,,
Switch,Cisco Catalyst 9400 Series Switches,C9404R,IOS-XE 16.6.3,IOS-XE 16.6.2,1.1,Y,Y,Y,Y,Y,Y,Y,NA,Y,N,N,Y,,
Switch,Cisco Catalyst 9400 Series Switches,C9407R,IOS-XE 16.6.3,IOS-XE 16.6.2,1.1,Y,Y,Y,Y,Y,Y,Y,NA,Y,N,N,Y,,
Switch,Cisco Catalyst 9400 Series Switches,C9410R,IOS-XE 16.6.3,IOS-XE 16.6.2,1.1,Y,Y,Y,Y,Y,Y,Y,NA,Y,N,N,Y,,
Switch,Cisco Catalyst 9500 Series Switches,C9500-12Q,IOS-XE 16.8.1,IOS-XE 16.8.1,1.1,Y,Y,Y,Y,Y,Y,Y,NA,Y,Y,NA,Y,,
Switch,Cisco Catalyst 9500 Series Switches,C9500-16X,IOS-XE 16.8.1,IOS-XE 16.8.1,1.1,Y,Y,Y,Y,Y,Y,Y,NA,Y,Y,NA,Y,,
Switch,Cisco Catalyst 9500 Series Switches,C9500-24Q,IOS-XE 16.8.1,IOS-XE 16.8.1,1.1,Y,Y,Y,Y,Y,Y,Y,NA,Y,Y,NA,Y,,
Switch,Cisco Catalyst 9500 Series Switches,C9500-24Y4C,IOS-XE 16.8.1,IOS-XE 16.8.1,1.1,Y,Y,Y,Y,Y,Y,Y,NA,Y,NA,NA,Y,,
Switch,Cisco Catalyst 9500 Series Switches,C9500-32C,IOS-XE 16.8.1,IOS-XE 16.8.1,1.1,Y,Y,Y,Y,Y,Y,Y,NA,Y,NA,NA,Y,,
Switch,Cisco Catalyst 9500 Series Switches,C9500-32QC,IOS-XE 16.8.1,IOS-XE 16.8.1,1.1,Y,Y,Y,Y,Y,Y,Y,NA,Y,NA,NA,Y,,
Switch,Cisco Catalyst 9500 Series Switches,C9500-40X,IOS-XE 16.8.1,IOS-XE 16.8.1,1.1,Y,Y,Y,Y,Y,Y,Y,NA,Y,Y,NA,Y,,
Switch,Cisco Catalyst 9500 Series Switches,C9500-48Y4C,IOS-XE 16.8.1,IOS-XE 16.8.1,1.1,Y,Y,Y,Y,Y,Y,Y,NA,Y,NA,NA,Y,,
Switch,Cisco Catalyst 9600 Series Switches,C9600,IOS-XE 16.11.1c,IOS-XE 16.11.1c,1.3,Y,Y,Y,Y,Y,Y,Y,NA,Y,Y,NA,Y,,
Switch,Cisco Catalyst Digital Building Series Switches,CDB,IOS 15.2(6)E1,IOS 15.2(6)E1,1.2,N,N, Y,N,N,Y,Y,NA, NA,NA,NA,Y5,,
Switch,Cisco Nexus 7000 Series Switches,N7700 + M3 Linecards (Sup2E),NX-OS 8.2,NX-OS 7.3.1,1.0,Y,Y,Y,Y,Y,NA,Y,N,N,N,N,Y,,
Switch,Cisco Nexus 9500 Series Switches,N9K-C9504,NXOS 9.2.1,NXOS 9.2.1,1.2.8,Y,N,Y,Y,Y,Y,Y,NA,NA,N,NA,N,,
Switch,Cisco Nexus 9500 Series Switches,N9K-C9508,NXOS 9.2.1,NXOS 9.2.1,1.2.8,Y,N,Y,Y,Y,Y,Y,NA,NA,N,NA,N,,
Switch,Cisco Nexus 9500 Series Switches,N9K-C9516,NXOS 9.2.1,NXOS 9.2.1,1.2.8,Y,N,Y,Y,Y,Y,Y,NA,NA,N,NA,N,,
IOT Switch,Cisco Catalyst IE3200 Rugged Series,IE-3200-8P2S-E,IOS-XE 16.10.1e,IOS-XE 16.10.1e,1.2.10,Y,NA,Y,Y,Y,Y,Y,N,Y,NA,NA,NA,,
IOT Switch,Cisco Catalyst IE3200 Rugged Series,IE-3200-8T2S-E,IOS-XE 16.10.1e,IOS-XE 16.10.1e,1.2.10,Y,NA,Y,Y,Y,Y,Y,N,Y,NA,NA,NA,,
IOT Switch,Cisco Catalyst IE3300 Rugged Series,IE-3300-8P2S-E,IOS-XE 16.11.1c,IOS-XE 16.10.1e,1.2.10,Y,Y,Y,Y,Y,Y,Y,N,Y,NA,NA,Y5,,
IOT Switch,Cisco Catalyst IE3300 Rugged Series,IE-3300-8T2S-E,IOS-XE 16.11.1c,IOS-XE 16.10.1e,1.2.10,Y,Y,Y,Y,Y,Y,Y,N,Y,NA,NA,Y5,,
IoT Switch,Cisco Catalyst IE3400 Rugged Series,IE-3400-8T2S-E,IOS-XE 16.11.1c,IOS-XE 16.11.1c,1.3,Y,Y,Y,Y,Y,Y,Y,NA,NA,NA,NA,Y5,,
IOT Switch,Cisco Catalyst IE3400 Rugged Series,IE-3400H-16FT,IOS-XE 16.12.1s,IOS-XE 16.12.1s,1.3.1.0,Y,Y,Y,Y,Y,Y,Y,NA,N,NA,N,Y5,,
IOT Switch,Cisco Catalyst IE3400 Rugged Series,IE-3400H-24FT,IOS-XE 16.12.1s,IOS-XE 16.12.1s,1.3.1.0,Y,Y,Y,Y,Y,Y,Y,NA,N,NA,N,Y5,,
IOT Switch,Cisco Catalyst IE3400 Rugged Series,IE-3400H-8FT,IOS-XE 16.12.1s,IOS-XE 16.12.1s,1.3.1.0,Y,Y,Y,Y,Y,Y,Y,NA,N,NA,N,Y5,,
IoT Switch,Cisco Industrial Ethernet 2000 Series Switches,IE-2000-16PTC-G-E,IOS 15.2(6)E1,IOS 15.2(6)E1,1.2,Y,NA,Y,Y,Y,Y,Y,NA,NA,NA,NA,NA,,
IoT Switch,Cisco Industrial Ethernet 2000 Series Switches,IE-2000-16PTC-G-L,IOS 15.2(6)E1,IOS 15.2(6)E1,1.2,Y,NA,Y,Y,Y,Y,Y,NA,NA,NA,NA,NA,,
IoT Switch,Cisco Industrial Ethernet 2000 Series Switches,IE-2000-16PTC-G-NX,IOS 15.2(6)E1,IOS 15.2(6)E1,1.2,Y,NA,Y,Y,Y,Y,Y,NA,NA,NA,NA,NA,,
IoT Switch,Cisco Industrial Ethernet 2000 Series Switches,IE-2000-16PTC-G-NX,IOS 15.2(6)E1,IOS 15.2(6)E1,1.2,Y,NA,Y,Y,Y,Y,Y,NA,NA,NA,NA,NA,,
IoT Switch,Cisco Industrial Ethernet 2000 Series Switches,IE-200016PTCGNX-RF,IOS 15.2(6)E1,IOS 15.2(6)E1,1.2,Y,NA,Y,Y,Y,Y,Y,NA,NA,NA,NA,NA,,
IoT Switch,Cisco Industrial Ethernet 2000 Series Switches,IE-2000-16T67-B,IOS 15.2(6)E1,IOS 15.2(6)E1,1.2,Y,NA,Y,Y,Y,Y,Y,NA,NA,NA,NA,NA,,
IoT Switch,Cisco Industrial Ethernet 2000 Series Switches,IE-2000-16T67P-G-E,IOS 15.2(6)E1,IOS 15.2(6)E1,1.2,Y,NA,Y,Y,Y,Y,Y,NA,NA,NA,NA,NA,,
IoT Switch,Cisco Industrial Ethernet 2000 Series Switches,IE-2000-16TC-B,IOS 15.2(6)E1,IOS 15.2(6)E1,1.2,Y,NA,Y,Y,Y,Y,Y,NA,NA,NA,NA,NA,,
IoT Switch,Cisco Industrial Ethernet 2000 Series Switches,IE-2000-16TC-G-E,IOS 15.2(6)E1,IOS 15.2(6)E1,1.2,Y,NA,Y,Y,Y,Y,Y,NA,NA,NA,NA,NA,,
IoT Switch,Cisco Industrial Ethernet 2000 Series Switches,IE-2000-16TC-G-L,IOS 15.2(6)E1,IOS 15.2(6)E1,1.2,Y,NA,Y,Y,Y,Y,Y,NA,NA,NA,NA,NA,,
IoT Switch,Cisco Industrial Ethernet 2000 Series Switches,IE-2000-16TC-G-N,IOS 15.2(6)E1,IOS 15.2(6)E1,1.2,Y,NA,Y,Y,Y,Y,Y,NA,NA,NA,NA,NA,,
IoT Switch,Cisco Industrial Ethernet 2000 Series Switches,IE-2000-16TC-G-X,IOS 15.2(6)E1,IOS 15.2(6)E1,1.2,Y,NA,Y,Y,Y,Y,Y,NA,NA,NA,NA,NA,,
IoT Switch,Cisco Industrial Ethernet 2000 Series Switches,IE-2000-16TC-L,IOS 15.2(6)E1,IOS 15.2(6)E1,1.2,Y,NA,Y,Y,Y,Y,Y,NA,NA,NA,NA,NA,,
IoT Switch,Cisco Industrial Ethernet 2000 Series Switches,IE-2000-24T67-B,IOS 15.2(6)E1,IOS 15.2(6)E1,1.2,Y,NA,Y,Y,Y,Y,Y,NA,NA,NA,NA,NA,,
IoT Switch,Cisco Industrial Ethernet 2000 Series Switches,IE-2000-4S-TS-G-B,IOS 15.2(6)E1,IOS 15.2(6)E1,1.2,Y,NA,Y,Y,Y,Y,Y,NA,NA,NA,NA,NA,,
IoT Switch,Cisco Industrial Ethernet 2000 Series Switches,IE-2000-4S-TS-G-L,IOS 15.2(6)E1,IOS 15.2(6)E1,1.2,Y,NA,Y,Y,Y,Y,Y,NA,NA,NA,NA,NA,,
IoT Switch,Cisco Industrial Ethernet 2000 Series Switches,IE-2000-4T-B,IOS 15.2(6)E1,IOS 15.2(6)E1,1.2,Y,NA,Y,Y,Y,Y,Y,NA,NA,NA,NA,NA,,
IoT Switch,Cisco Industrial Ethernet 2000 Series Switches,IE-2000-4T-G-B,IOS 15.2(6)E1,IOS 15.2(6)E1,1.2,Y,NA,Y,Y,Y,Y,Y,NA,NA,NA,NA,NA,,
IoT Switch,Cisco Industrial Ethernet 2000 Series Switches,IE-2000-4T-G-L,IOS 15.2(6)E1,IOS 15.2(6)E1,1.2,Y,NA,Y,Y,Y,Y,Y,NA,NA,NA,NA,NA,,
IoT Switch,Cisco Industrial Ethernet 2000 Series Switches,IE-2000-4TS-B,IOS 15.2(6)E1,IOS 15.2(6)E1,1.2,Y,NA,Y,Y,Y,Y,Y,NA,NA,NA,NA,NA,,
IoT Switch,Cisco Industrial Ethernet 2000 Series Switches,IE-2000-4TS-G-B,IOS 15.2(6)E1,IOS 15.2(6)E1,1.2,Y,NA,Y,Y,Y,Y,Y,NA,NA,NA,NA,NA,,
IoT Switch,Cisco Industrial Ethernet 2000 Series Switches,IE-2000-4TS-G-L,IOS 15.2(6)E1,IOS 15.2(6)E1,1.2,Y,NA,Y,Y,Y,Y,Y,NA,NA,NA,NA,NA,,
IoT Switch,Cisco Industrial Ethernet 2000 Series Switches,IE-2000-8T67-B,IOS 15.2(6)E1,IOS 15.2(6)E1,1.2,Y,NA,Y,Y,Y,Y,Y,NA,NA,NA,NA,NA,,
IoT Switch,Cisco Industrial Ethernet 2000 Series Switches,IE-2000-8T67P-G-E,IOS 15.2(6)E1,IOS 15.2(6)E1,1.2,Y,NA,Y,Y,Y,Y,Y,NA,NA,NA,NA,NA,,
IoT Switch,Cisco Industrial Ethernet 2000 Series Switches,IE-2000-8TC-B,IOS 15.2(6)E1,IOS 15.2(6)E1,1.2,Y,NA,Y,Y,Y,Y,Y,NA,NA,NA,NA,NA,,
IoT Switch,Cisco Industrial Ethernet 2000 Series Switches,IE-2000-8TC-G-B,IOS 15.2(6)E1,IOS 15.2(6)E1,1.2,Y,NA,Y,Y,Y,Y,Y,NA,NA,NA,NA,NA,,
IoT Switch,Cisco Industrial Ethernet 2000 Series Switches,IE-2000-8TC-G-E,IOS 15.2(6)E1,IOS 15.2(6)E1,1.2,Y,NA,Y,Y,Y,Y,Y,NA,NA,NA,NA,NA,,
IoT Switch,Cisco Industrial Ethernet 2000 Series Switches,IE-2000-8TC-G-L,IOS 15.2(6)E1,IOS 15.2(6)E1,1.2,Y,NA,Y,Y,Y,Y,Y,NA,NA,NA,NA,NA,,
IoT Switch,Cisco Industrial Ethernet 2000 Series Switches,IE-2000-8TC-G-N,IOS 15.2(6)E1,IOS 15.2(6)E1,1.2,Y,NA,Y,Y,Y,Y,Y,NA,NA,NA,NA,NA,,
IoT Switch,Cisco Industrial Ethernet 2000 Series Switches,IE-2000-8TC-L,IOS 15.2(6)E1,IOS 15.2(6)E1,1.2,Y,NA,Y,Y,Y,Y,Y,NA,NA,NA,NA,NA,,
IoT Switch,Cisco Industrial Ethernet 2000 Series Switches,IE-2000U-16TC-G,IOS 15.2(6)E1,IOS 15.2(6)E1,1.2,Y,NA,Y,Y,Y,Y,Y,NA,NA,NA,NA,NA,,
IoT Switch,Cisco Industrial Ethernet 2000 Series Switches,IE-2000U-16TC-GP,IOS 15.2(6)E1,IOS 15.2(6)E1,1.2,Y,NA,Y,Y,Y,Y,Y,NA,NA,NA,NA,NA,,
IoT Switch,Cisco Industrial Ethernet 2000 Series Switches,IE-2000U-16TC-G-X,IOS 15.2(6)E1,IOS 15.2(6)E1,1.2,Y,NA,Y,Y,Y,Y,Y,NA,NA,NA,NA,NA,,
IoT Switch,Cisco Industrial Ethernet 2000 Series Switches,IE-2000U-4S-G,IOS 15.2(6)E1,IOS 15.2(6)E1,1.2,Y,NA,Y,Y,Y,Y,Y,NA,NA,NA,NA,NA,,
IoT Switch,Cisco Industrial Ethernet 2000 Series Switches,IE-2000U-4T-G,IOS 15.2(6)E1,IOS 15.2(6)E1,1.2,Y,NA,Y,Y,Y,Y,Y,NA,NA,NA,NA,NA,,
IoT Switch,Cisco Industrial Ethernet 2000 Series Switches,IE-2000U-4TS-G,IOS 15.2(6)E1,IOS 15.2(6)E1,1.2,Y,NA,Y,Y,Y,Y,Y,NA,NA,NA,NA,NA,,
IoT Switch,Cisco Industrial Ethernet 2000 Series Switches,IE-2000U-8TC-G,IOS 15.2(6)E1,IOS 15.2(6)E1,1.2,Y,NA,Y,Y,Y,Y,Y,NA,NA,NA,NA,NA,,
IoT Switch,Cisco Industrial Ethernet 3000 Series Switches,IE-3000-4TC,IOS 15.2(6)E1,IOS 15.2(6)E1,1.2,Y,NA,Y,Y,Y,Y,Y,NA,NA,NA,NA,NA,,
IoT Switch,Cisco Industrial Ethernet 3000 Series Switches,IE-3000-4TC-E,IOS 15.2(6)E1,IOS 15.2(6)E1,1.2,Y,NA,Y,Y,Y,Y,Y,NA,NA,NA,NA,NA,,
IoT Switch,Cisco Industrial Ethernet 3000 Series Switches,IE-3000-8TC,IOS 15.2(6)E1,IOS 15.2(6)E1,1.2,Y,NA,Y,Y,Y,Y,Y,NA,NA,NA,NA,NA,,
IOT Switch,Cisco Industrial Ethernet 3000 Series Switches,IE-3000-8TC-E,IOS 15.2(6)E1,IOS 15.2(6)E1,1.2.10,Y,NA,Y,Y,Y,Y,Y,NA,NA,NA,NA,NA,,
IoT Switch,Cisco Industrial Ethernet 4000 Series Switches,IE-4000-16GT4G-E,IOS 15.2(7)E0s,IOS 15.2(6)E1,1.2,Y,Y,Y,Y,Y,Y,N,NA,NA,NA,NA,Y5,,
IoT Switch,Cisco Industrial Ethernet 4000 Series Switches,IE-4000-16T4G-E,IOS 15.2(7)E0s,IOS 15.2(6)E1,1.2,Y,Y,Y,Y,Y,Y,N,NA,NA,NA,NA,Y5,,
IoT Switch,Cisco Industrial Ethernet 4000 Series Switches,IE-4000-4GC4GP4G-E,IOS 15.2(7)E0s,IOS 15.2(6)E1,1.2,Y,Y,Y,Y,Y,Y,N,NA,NA,NA,NA,Y5,,
IoT Switch,Cisco Industrial Ethernet 4000 Series Switches,IE-4000-4GS8GP4G-E,IOS 15.2(7)E0s,IOS 15.2(6)E1,1.2,Y,Y,Y,Y,Y,Y,N,NA,NA,NA,NA,Y5,,
IoT Switch,Cisco Industrial Ethernet 4000 Series Switches,IE-4000-4S8P4G-E,IOS 15.2(7)E0s,IOS 15.2(6)E1,1.2,Y,Y,Y,Y,Y,Y,N,NA,NA,NA,NA,Y5,,
IoT Switch,Cisco Industrial Ethernet 4000 Series Switches,IE-4000-4T4P4G-E,IOS 15.2(7)E0s,IOS 15.2(6)E1,1.2,Y,Y,Y,Y,Y,Y,N,NA,NA,NA,NA,Y5,,
IoT Switch,Cisco Industrial Ethernet 4000 Series Switches,IE-4000-4TC4G-E,IOS 15.2(7)E0s,IOS 15.2(6)E1,1.2,Y,Y,Y,Y,Y,Y,N,NA,NA,NA,NA,Y5,,
IoT Switch,Cisco Industrial Ethernet 4000 Series Switches,IE-4000-8GS4G-E,IOS 15.2(7)E0s,IOS 15.2(6)E1,1.2,Y,Y,Y,Y,Y,Y,N,NA,NA,NA,NA,Y5,,
IoT Switch,Cisco Industrial Ethernet 4000 Series Switches,IE-4000-8GT4G-E,IOS 15.2(7)E0s,IOS 15.2(6)E1,1.2,Y,Y,Y,Y,Y,Y,N,NA,NA,NA,NA,Y5,,
IoT Switch,Cisco Industrial Ethernet 4000 Series Switches,IE-4000-8GT8GP4G-E,IOS 15.2(7)E0s,IOS 15.2(6)E1,1.2,Y,Y,Y,Y,Y,Y,N,NA,NA,NA,NA,Y5,,
IoT Switch,Cisco Industrial Ethernet 4000 Series Switches,IE-4000-8S4G-E,IOS 15.2(7)E0s,IOS 15.2(6)E1,1.2,Y,Y,Y,Y,Y,Y,N,NA,NA,NA,NA,Y5,,
IoT Switch,Cisco Industrial Ethernet 4000 Series Switches,IE-4000-8T4G-E,IOS 15.2(7)E0s,IOS 15.2(6)E1,1.2,Y,Y,Y,Y,Y,Y,N,NA,NA,NA,NA,Y5,,
IoT Switch,Cisco Industrial Ethernet 4010 Series Switches,IE-4010-16S12P,IOS 15.2(7)E0s,IOS 15.2(6)E1,1.2,Y,Y,Y,Y,Y,Y,N,NA,NA,NA,NA,Y5,,
IoT Switch,Cisco Industrial Ethernet 4010 Series Switches,IE-4010-4S24P,IOS 15.2(7)E0s,IOS 15.2(6)E1,1.2,Y,Y,Y,Y,Y,Y,N,NA,NA,NA,NA,Y5,,
IoT Switch,Cisco Industrial Ethernet 5000 Series Switches,IE-5000-12S12P-10G,IOS 15.2(7)E0s,IOS 15.2(6)E1,1.2,Y,Y,Y,Y,Y,Y,N,NA,NA,NA,NA,Y5,,
IoT Switch,Cisco Industrial Ethernet 5000 Series Switches,IE-5000-16S12P,IOS 15.2(7)E0s,IOS 15.2(6)E1,1.2,Y,Y,Y,Y,Y,Y,N,NA,NA,NA,NA,Y5,,
Router,Cisco 1000 Series Aggregation Services Routers,ASR 1001-HX,IOS-XE 16.6.3,IOS-XE 16.3.1,1.0,Y,Y,Y,Y,Y,Y⁴,Y,N,Y,Y,Y,Y,,
Router,Cisco 1000 Series Aggregation Services Routers,ASR 1001-X,IOS-XE 16.6.3,IOS-XE 3.12.0,1.0,Y,Y,Y,Y,Y,Y⁴,Y,N,Y,Y,Y,Y,,
Router,Cisco 1000 Series Aggregation Services Routers,ASR 1002-HX,IOS-XE 16.6.3,IOS-XE 16.3.1,1.0,Y,Y,Y,Y,Y,Y⁴,Y,N,Y,Y,Y,Y,,
Router,Cisco 1000 Series Aggregation Services Routers,ASR 1002-X,IOS-XE 16.6.3,IOS-XE 3.7.0,1.0,Y,Y,Y,Y,Y,Y⁴,Y,N,Y,Y,Y,Y,,
Router,Cisco 1000 Series Aggregation Services Routers,ASR 1006-X (RP2),IOS-XE 16.6.3,IOS-XE 3.16.0,1.0,Y,Y,Y,Y,Y,Y⁴,Y,N,Y,Y,Y,Y,,
Router,Cisco 1000 Series Aggregation Services Routers,ASR 1006-X (RP3),IOS-XE 16.6.3,IOS-XE 16.3.1,1.0,Y,Y,Y,Y,Y,Y⁴,Y,N,Y,Y,Y,Y,,
Router,Cisco 1000 Series Aggregation Services Routers,ASR 1009-X (RP2),IOS-XE 16.6.3,IOS-XE 3.16.0,1.0,Y,Y,Y,Y,Y,Y⁴,N,N,Y,Y,N,Y,,
Router,Cisco 1000 Series Aggregation Services Routers,ASR 1009-X (RP3),IOS-XE 16.6.3,IOS-XE 16.3.1,1.0,Y,Y,Y,Y,Y,Y⁴,N,N,Y,Y,N,Y,,
Router,Cisco 1000 Series Integrated Services Routers,C1101-4P,IOS-XE 16.8.1,IOS-XE 16.8.1,1.2,Y,Y,Y,Y,Y,Y, Y,NA,N,NA,Y,N,,
Router,Cisco 1000 Series Integrated Services Routers,C1101-4P,IOS-XE 16.8.1,IOS-XE 16.8.1,1.2,Y,Y,Y,Y,Y,Y,Y,NA,N,NA,Y,N,,
Router,Cisco 1000 Series Integrated Services Routers,C1101-4PLTEP,IOS-XE 16.8.1,IOS-XE 16.8.1,1.2,Y,Y,Y,Y,Y,Y,Y,NA,N,NA,Y,N,,
Router,Cisco 1000 Series Integrated Services Routers,C1101-4PLTEP,IOS-XE 16.8.1,IOS-XE 16.8.1,1.2,Y,Y,Y,Y,Y,Y,Y,NA,N,NA,Y,N,,
Router,Cisco 1000 Series Integrated Services Routers,C1101-4PLTEPWA,IOS-XE 16.8.1,IOS-XE 16.8.1,1.2,Y,Y,Y,Y,Y,Y,Y,NA,N,NA,Y,N,,
Router,Cisco 1000 Series Integrated Services Routers,C1101-4PLTEPWA,IOS-XE 16.8.1,IOS-XE 16.8.1,1.2,Y,Y,Y,Y,Y,Y,Y,NA,N,NA,Y,N,,
Router,Cisco 1000 Series Integrated Services Routers,C1101-4PLTEPWB,IOS-XE 16.8.1,IOS-XE 16.8.1,1.2,Y,Y,Y,Y,Y,Y,Y,NA,N,NA,Y,N,,
Router,Cisco 1000 Series Integrated Services Routers,C1101-4PLTEPWB,IOS-XE 16.8.1,IOS-XE 16.8.1,1.2,Y,Y,Y,Y,Y,Y,Y,NA,N,NA,Y,N,,
Router,Cisco 1000 Series Integrated Services Routers,C1101-4PLTEPWD,IOS-XE 16.8.1,IOS-XE 16.8.1,1.2,Y,Y,Y,Y,Y,Y,Y,NA,N,NA,Y,N,,
Router,Cisco 1000 Series Integrated Services Routers,C1101-4PLTEPWD,IOS-XE 16.8.1,IOS-XE 16.8.1,1.2,Y,Y,Y,Y,Y,Y,Y,NA,N,NA,Y,N,,
Router,Cisco 1000 Series Integrated Services Routers,C1101-4PLTEPWE,IOS-XE 16.8.1,IOS-XE 16.8.1,1.2,Y,Y,Y,Y,Y,Y,Y,NA,N,NA,Y,N,,
Router,Cisco 1000 Series Integrated Services Routers,C1101-4PLTEPWE,IOS-XE 16.8.1,IOS-XE 16.8.1,1.2,Y,Y,Y,Y,Y,Y,Y,NA,N,NA,Y,N,,
Router,Cisco 1000 Series Integrated Services Routers,C1101-4PLTEPWF,IOS-XE 16.8.1,IOS-XE 16.8.1,1.2,Y,Y,Y,Y,Y,Y,Y,NA,N,NA,Y,N,,
Router,Cisco 1000 Series Integrated Services Routers,C1101-4PLTEPWF,IOS-XE 16.8.1,IOS-XE 16.8.1,1.2,Y,Y,Y,Y,Y,Y,Y,NA,N,NA,Y,N,,
Router,Cisco 1000 Series Integrated Services Routers,C1101-4PLTEPWH,IOS-XE 16.8.1,IOS-XE 16.8.1,1.2,Y,Y,Y,Y,Y,Y,Y,NA,N,NA,Y,N,,
Router,Cisco 1000 Series Integrated Services Routers,C1101-4PLTEPWH,IOS-XE 16.8.1,IOS-XE 16.8.1,1.2,Y,Y,Y,Y,Y,Y,Y,NA,N,NA,Y,N,,
Router,Cisco 1000 Series Integrated Services Routers,C1101-4PLTEPWN,IOS-XE 16.8.1,IOS-XE 16.8.1,1.2,Y,Y,Y,Y,Y,Y,Y,NA,N,NA,Y,N,,
Router,Cisco 1000 Series Integrated Services Routers,C1101-4PLTEPWN,IOS-XE 16.8.1,IOS-XE 16.8.1,1.2,Y,Y,Y,Y,Y,Y,Y,NA,N,NA,Y,N,,
Router,Cisco 1000 Series Integrated Services Routers,C1101-4PLTEPWQ,IOS-XE 16.8.1,IOS-XE 16.8.1,1.2,Y,Y,Y,Y,Y,Y,Y,NA,N,NA,Y,N,,
Router,Cisco 1000 Series Integrated Services Routers,C1101-4PLTEPWQ,IOS-XE 16.8.1,IOS-XE 16.8.1,1.2,Y,Y,Y,Y,Y,Y,Y,NA,N,NA,Y,N,,
Router,Cisco 1000 Series Integrated Services Routers,C1101-4PLTEPWR,IOS-XE 16.8.1,IOS-XE 16.8.1,1.2,Y,Y,Y,Y,Y,Y,Y,NA,N,NA,Y,N,,
Router,Cisco 1000 Series Integrated Services Routers,C1101-4PLTEPWR,IOS-XE 16.8.1,IOS-XE 16.8.1,1.2,Y,Y,Y,Y,Y,Y,Y,NA,N,NA,Y,N,,
Router,Cisco 1000 Series Integrated Services Routers,C1101-4PLTEPWZ,IOS-XE 16.8.1,IOS-XE 16.8.1,1.2,Y,Y,Y,Y,Y,Y,Y,NA,N,NA,Y,N,,
Router,Cisco 1000 Series Integrated Services Routers,C1101-4PLTEPWZ,IOS-XE 16.8.1,IOS-XE 16.8.1,1.2,Y,Y,Y,Y,Y,Y,Y,NA,N,NA,Y,N,,
Router,Cisco 1000 Series Integrated Services Routers,C1111,IOS-XE 16.12.1a,IOS-XE 16.10.1,1.3.1.0,Y,Y,Y,Y,Y,Y,Y,Y,Y,Y,N,NA,,
Router,Cisco 1000 Series Integrated Services Routers,C1112-8P,IOS-XE 16.7.1,IOS-XE 16.6.2,1.1,Y,Y,Y,Y,Y,Y,Y,NA,Y,NA,N,N,,
Router,Cisco 1000 Series Integrated Services Routers,C1112-8PLTEEA,IOS-XE 16.7.1,IOS-XE 16.6.2,1.1,Y,Y,Y,Y,Y,Y,Y,NA,Y,NA,N,N,,
Router,Cisco 1000 Series Integrated Services Routers,C1113-8P,IOS-XE 16.7.1,IOS-XE 16.6.2,1.1,Y,Y,Y,Y,Y,Y,Y,NA,Y,NA,N,N,,
Router,Cisco 1000 Series Integrated Services Routers,C1113-8PLTEEA,IOS-XE 16.7.1,IOS-XE 16.6.2,1.1,Y,Y,Y,Y,Y,Y,Y,NA,Y,NA,N,N,,
Router,Cisco 1000 Series Integrated Services Routers,C1113-8PLTEEAWE,IOS-XE 16.7.1,IOS-XE 16.6.2,1.1,Y,Y,Y,Y,Y,Y,Y,NA,Y,NA,N,N,,
Router,Cisco 1000 Series Integrated Services Routers,C1113-8PLTELA,IOS-XE 16.7.1,IOS-XE 16.6.2,1.1,Y,Y,Y,Y,Y,Y,Y,NA,Y,NA,N,N,,
Router,Cisco 1000 Series Integrated Services Routers,C1113-8PLTELAWE,IOS-XE 16.7.1,IOS-XE 16.6.2,1.1,Y,Y,Y,Y,Y,Y,Y,NA,Y,NA,N,N,,
Router,Cisco 1000 Series Integrated Services Routers,C1113-8PLTELAWZ,IOS-XE 16.7.1,IOS-XE 16.6.2,1.1,Y,Y,Y,Y,Y,Y,Y,NA,Y,NA,N,N,,
Router,Cisco 1000 Series Integrated Services Routers,C1113-8PM,IOS-XE 16.7.1,IOS-XE 16.6.2,1.1,Y,Y,Y,Y,Y,Y,Y,NA,Y,NA,N,N,,
Router,Cisco 1000 Series Integrated Services Routers,C1113-8PMLTEEA,IOS-XE 16.7.1,IOS-XE 16.6.2,1.1,Y,Y,Y,Y,Y,Y,Y,NA,Y,NA,N,N,,
Router,Cisco 1000 Series Integrated Services Routers,C1113-8PMWE,IOS-XE 16.7.1,IOS-XE 16.6.2,1.1,Y,Y,Y,Y,Y,Y,Y,NA,Y,NA,N,N,,
Router,Cisco 1000 Series Integrated Services Routers,C1113-8PWA,IOS-XE 16.7.1,IOS-XE 16.6.2,1.1,Y,Y,Y,Y,Y,Y,Y,NA,Y,NA,N,N,,
Router,Cisco 1000 Series Integrated Services Routers,C1113-8PWE,IOS-XE 16.7.1,IOS-XE 16.6.2,1.1,Y,Y,Y,Y,Y,Y,Y,NA,Y,NA,N,N,,
Router,Cisco 1000 Series Integrated Services Routers,C1113-8PWZ,IOS-XE 16.7.1,IOS-XE 16.6.2,1.1,Y,Y,Y,Y,Y,Y,Y,NA,Y,NA,N,N,,
Router,Cisco 1000 Series Integrated Services Routers,C1114-8P,IOS-XE 16.7.1,IOS-XE 16.6.2,1.1,Y,Y,Y,Y,Y,Y,Y,NA,Y,NA,N,N,,
Router,Cisco 1000 Series Integrated Services Routers,C1114-8PLTEEA,IOS-XE 16.7.1,IOS-XE 16.6.2,1.1,Y,Y,Y,Y,Y,Y,Y,NA,Y,NA,N,N,,
Router,Cisco 1000 Series Integrated Services Routers,C1115-8P,IOS-XE 16.7.1,IOS-XE 16.6.2,1.1,Y,Y,Y,Y,Y,Y,Y,NA,Y,NA,N,N,,
Router,Cisco 1000 Series Integrated Services Routers,C1115-8PLTEEA,IOS-XE 16.7.1,IOS-XE 16.6.2,1.1,Y,Y,Y,Y,Y,Y,Y,NA,Y,NA,N,N,,
Router,Cisco 1000 Series Integrated Services Routers,C1115-8PM,IOS-XE 16.7.1,IOS-XE 16.6.2,1.1,Y,Y,Y,Y,Y,Y,Y,NA,Y,NA,N,N,,
Router,Cisco 1000 Series Integrated Services Routers,C1115-8PMLTEEA,IOS-XE 16.7.1,IOS-XE 16.6.2,1.1,Y,Y,Y,Y,Y,Y,Y,NA,Y,NA,N,N,,
Router,Cisco 1000 Series Integrated Services Routers,C1121,IOS-XE 16.12.1a,IOS-XE 16.10.1,1.3.1.0,Y,Y,Y,Y,Y,Y,Y,Y,Y,Y,N,NA,,
Router,Cisco 1000 Series Integrated Services Routers,C1121X,IOS-XE 16.12.1a,IOS-XE 16.10.1,1.3.1.0,Y,Y,Y,Y,Y,Y,Y,Y,Y,Y,N,NA,,
Router,Cisco 4000 Series Integrated Services Routers,ISR 4221,IOS-XE 16.6.3,IOS-XE 16.4.2,1.1,Y,Y,Y,Y,Y,Y,Y,NA,Y,Y,Y,N,,
Router,Cisco 4000 Series Integrated Services Routers,ISR 4321,IOS-XE 16.6.3,IOS-XE 3.16,1.2.5,Y,Y,Y,Y,Y,Y⁴,Y,Y,Y,Y,Y,Y,,
Router,Cisco 4000 Series Integrated Services Routers,ISR 4331,IOS-XE 16.6.3,IOS-XE 3.16,1.2.5,Y,Y,Y,Y,Y,Y⁴,Y,Y,Y,Y,Y,Y,,
Router,Cisco 4000 Series Integrated Services Routers,ISR 4351,IOS-XE 16.6.3,IOS-XE 3.16,1.1,Y,Y,Y,Y,Y,Y⁴,Y,Y,N,N,Y,Y,,
Router,Cisco 4000 Series Integrated Services Routers,ISR 4431,IOS-XE 16.6.3,IOS-XE 3.16,1.0,Y,Y,Y,Y,Y,Y⁴,Y,Y,Y,Y,Y,Y,,
Router,Cisco 4000 Series Integrated Services Routers,ISR 4451-X,IOS-XE 16.6.3,IOS-XE 3.16,1.0,N,Y,Y,Y,N,Y⁴,Y,Y,Y,Y,Y,Y,,
Router,Cisco 4000 Series Integrated Services Routers,ISR 4461,IOS-XE 16.6.3,IOS-XE 3.16,1.2.5,Y,Y,Y,Y,Y,Y⁴,Y,Y,Y,Y,Y,Y,,
Router,‎Cisco 800 Series Routers,C891FJ-K9,IOS 15.6(3)M5,IOS 15.5(3)M2,1.3,Y,N,Y,Y,Y,Y,Y,N,N,NA,NA,NA,,
Router,‎Cisco 800 Series Routers,C892FSP-K9,IOS 15.6(3)M5,IOS 15.5(3)M2,1.3,Y,N,Y,Y,Y,Y,Y,N,N,NA,NA,NA,,
Router,‎Cisco 900 Series Routers,C921 | C921J,IOS 15.8(3)M2,IOS 15.8(3)M1,1.3,Y,N,Y,Y,Y,Y,Y,Y,N,NA,NA,NA,,
Router,‎Cisco 900 Series Routers,C931 | C931J,IOS 15.8(3)M2,IOS 15.8(3)M1,1.3,Y,N,Y,Y,Y,Y,Y,Y,N,NA,NA,NA,,
Router,‎Cisco 900 Series Routers,C941 | C941J,IOS 15.8(3)M2,IOS 15.8(3)M1,1.3,Y,N,Y,Y,Y,Y,Y,Y,N,NA,NA,NA,,
Router,‎Cisco 900 Series Routers,C951 | C959,IOS-XE 16.12.1a,IOS-XE 16.12.1a,1.3.1.0,Y,Y,Y,Y,Y,Y,Y,Y,Y,Y,N,NA,,
Router,Cisco VG Series Voice Gateways,VG450,IOS-XE 16.10.1,IOS-XE 16.10.1,1.3.1.0,Y,N,Y,Y,Y,NA,Y,NA,NA,NA,N,NA,,
IOT Router,Cisco 1100 Series Industrial Integrated Services Router,IR1101-K9,IOS-XE 16.10.1e,IOS-XE 16.10.1e,1.2.10,Y,Y,Y,Y,Y,Y,Y,Y,Y,NA,NA,NA,,
IOT Router,Cisco 800 Series Industrial Integrated Services Router,IR807G-LTE-GA-K9,IOS  15.8(3)M2,IOS  15.8(3)M2,1.3.1.0,Y,N,Y,Y,Y,Y,Y,Y,N,NA,N,N,,
IOT Router,Cisco 800 Series Industrial Integrated Services Router,IR809G-LTE-GA-K9,IOS  15.8(3)M2a,IOS  15.8(3)M2a,1.3.1.0,Y,N,Y,Y,Y,Y,Y,Y,N,NA,N,N,,
IOT Router,Cisco 800 Series Industrial Integrated Services Router,IR829B-2LTE-EA|LA,IOS 15.8(3)M1,IOS 15.8(3)M1,1.3,Y,N,Y,Y,Y,Y,Y,Y,N,NA,NA,NA,,
IOT Router,Cisco 800 Series Industrial Integrated Services Router,IR829M-2LTE-EA-EK9,IOS 15.8(3)M1,IOS 15.7(3)M2,1.2.10,Y,Y,Y,Y,Y,Y,Y,NA,Y,Y,NA,N,,
IOT Router,Cisco 800 Series Industrial Integrated Services Router,IR829M-LTE-EA-AK9,IOS 15.8(3)M1,IOS 15.7(3)M2,1.2.10,Y,Y,Y,Y,Y,Y,Y,NA,Y,Y,NA,N,,
IOT Router,Cisco 800 Series Industrial Integrated Services Router,IR829M-LTE-EA-BK9,IOS 15.8(3)M1,IOS 15.7(3)M2,1.2.10,Y,Y,Y,Y,Y,Y,Y,NA,Y,Y,NA,N,,
IOT Router,Cisco 800 Series Industrial Integrated Services Router,IR829M-LTE-EA-EK9,IOS 15.8(3)M1,IOS 15.7(3)M2,1.2.10,Y,Y,Y,Y,Y,Y,Y,NA,Y,Y,NA,N,,
IOT Router,Cisco 800 Series Industrial Integrated Services Router,IR829M-LTE-LA-ZK9,IOS 15.8(3)M1,IOS 15.7(3)M2,1.2.10,Y,Y,Y,Y,Y,Y,Y,NA,Y,Y,NA,N,,
Wireless,Catalyst 9100 Series Access Points,C9115AXE-X,AireOS 8.9.111,AireOS 8.9.100,1.3.1.0,Y,Y,Y,Y,Y,Y,Y,NA,Y,N,NA,Y,,
Wireless,Catalyst 9100 Series Access Points,C9115AXE-X,IOS-XE 16.12.1S,IOS-XE 16.11.1c,1.3.1.0,Y,Y,Y,Y,Y,Y,Y,NA,Y,Y,NA,Y,,
Wireless,Catalyst 9100 Series Access Points,C9115AXI-X,AireOS 8.9.111,AireOS 8.9.100,1.2.10,Y,Y,Y,Y,Y,Y,Y,NA,Y,N,NA,Y,,
Wireless,Catalyst 9100 Series Access Points,C9115AXI-X,IOS-XE 16.12.1S,IOS-XE 16.11.1c,1.3,Y,Y,Y,Y,Y,Y,Y,NA,Y,Y,NA,Y,,
Wireless,Catalyst 9100 Series Access Points,C9117AXI-X,AireOS 8.9.111,AireOS 8.9.100,1.2.10,Y,Y,Y,Y,Y,Y,Y,NA,Y,N,NA,Y,,
Wireless,Catalyst 9100 Series Access Points,C9117AXI-X,IOS-XE 16.12.1S,IOS-XE 16.11.1c,1.3,Y,Y,Y,Y,Y,Y,Y,NA,Y,Y,NA,Y,,
Wireless,Catalyst 9100 Series Access Points,C9120AXI,AireOS 8.9.111,AireOS 8.9.100,1.3.1.0,Y,Y,Y,Y,Y,Y,Y,NA,Y,N,NA,Y,,
Wireless,Catalyst 9100 Series Access Points,C9120AXI,IOS-XE 16.12.1S,IOS-XE 16.11.1c,1.3.1.0,Y,Y,Y,Y,Y,Y,Y,NA,Y,Y,NA,Y,,
Wireless,Catalyst 9800 Series Wireless Controllers,C9800-40-K9,IOS-XE 16.12.1S,IOS-XE 16.10.1e,1.2.8,Y,Y,Y,Y,Y,N,Y,NA,N,Y,NA,Y,,
Wireless,Catalyst 9800 Series Wireless Controllers,C9800-80-K9,IOS-XE 16.12.1S,IOS-XE 16.10.1e,1.2.8,Y,Y,Y,N,Y,N,Y,NA,N,Y,NA,Y,,
Wireless,Catalyst 9800 Series Wireless Controllers,C9800-L-C-K9,IOS-XE 16.12.1S,IOS-XE 16.12.1,1.3.1,Y,Y,Y,Y,Y,Y,Y,NA,Y,NA,NA,Y,,
Wireless,Catalyst 9800 Series Wireless Controllers,C9800-L-F-K9,IOS-XE 16.12.1S,IOS-XE 16.12.1,1.3.1,Y,Y,Y,Y,Y,Y,Y,NA,Y,NA,NA,Y,,
Wireless,Catalyst 9800 Series Wireless Controllers,Cat9300 Embedded Wireless,IOS-XE 16.12.1S,IOS-XE 16.10.1e,1.2.10,Y,Y,Y,Y,Y,N,Y,NA,N,Y,NA,Y,,
Wireless,Catalyst 9800 Series Wireless Controllers,Cat9400 Embedded Wireless,IOS-XE 16.12.1S,IOS-XE 16.10.1e,1.3,Y,Y,Y,Y,Y,N,Y,NA,N,Y,NA,Y,,
Wireless,Catalyst 9800 Series Wireless Controllers,Cat9500 Embedded Wireless,IOS-XE 16.12.1S,IOS-XE 16.10.1e,1.3,Y,Y,Y,Y,Y,N,Y,NA,N,Y,NA,Y,,
Wireless,Catalyst 9800 Wireless Controller (Cloud),C9800-CL-K9,IOS-XE 16.12.1S,IOS-XE 16.10.1,1.2.8,Y,Y,Y,Y,Y,N,Y,NA,N,Y,NA,Y,,
Wireless,Cisco  Aironet AP (1815 Series),1815i,AireOS 8.5.130,AireOS 8.5.120,1.1,N,N,Y,Y,Y,Y⁴,Y,N,Y,NA,N,Y,,
Wireless,Cisco  Aironet AP(1815 Series),1815m,AireOS 8.5.130,AireOS 8.5.120,1.1,N,N,Y,Y,Y,Y⁴,Y,N,Y,NA,N,Y,,
Wireless,Cisco  Aironet AP(1850 Series),1852e,AireOS 8.8.125,AireOS 8.5.120,1.1,Y,Y,Y,Y,Y,Y⁴,Y,N,Y,NA,N,Y,,
Wireless,Cisco 3504 Wireless Controller,AIR-CT3504,"AireOS 8.5.151, 8.8.125, 8.9.111",AireOS 8.5.120,1.0,Y,Y,Y,Y,Y,NA,Y,N,Y,N,N,Y,,
Wireless,Cisco 5520 Wireless Controller,AIR-CT5520,"AireOS 8.5.151, 8.8.125, 8.9.111",AireOS 8.5.120,1.0,Y,Y,Y,Y,Y,NA,Y,N,Y,N,N,Y,,
Wireless,Cisco 8540 Wireless Controller,AIR-CT8540,"AireOS 8.5.151, 8.8.125, 8.9.111",AireOS 8.5.120,1.0,Y,Y,Y,Y,Y,NA,Y,N,Y,N,N,Y,,
Wireless,Cisco Aironet AP (1540 Series),1542d,AireOS 8.5.130,AireOS 8.5.120,1.1,Y,Y,Y,Y,Y,Y⁴,Y,N,Y,NA,N,Y,,
Wireless,Cisco Aironet AP (1540 Series),1542d,IOS-XE 16.12.1S,IOS-XE 16.10.1e,1.1,Y,Y,Y,Y,Y,Y,Y,NA,NA,N,NA,Y,,
Wireless,Cisco Aironet AP (1540 Series),1542i,AireOS 8.5.130,AireOS 8.5.120,1.1,Y,Y,Y,Y,Y,Y⁴,Y,N,Y,NA,N,Y,,
Wireless,Cisco Aironet AP (1540 Series),1542i,IOS-XE 16.12.1S,IOS-XE 16.10.1e,1.1,Y,Y,Y,Y,Y,Y,Y,NA,NA,N,NA,Y,,
Wireless,Cisco Aironet AP (1560 Series),1560,AireOS 8.5.130,AireOS 8.5.120,1.1,Y,Y,Y,Y,Y,Y⁴,Y,N,Y,NA,N,Y,,
Wireless,Cisco Aironet AP (1560 Series),1560,IOS-XE 16.12.1S,IOS-XE 16.10.1e,1.1,Y,Y,Y,Y,Y,Y,Y,NA,NA,N,NA,Y,,
Wireless,Cisco Aironet AP (1600 Series),AP 1600,AireOS 8.5.151,AireOS 8.5.120,1.1,Y,Y,Y,Y,Y,Y⁴,Y,N,Y,N,N,N,,
Wireless,Cisco Aironet AP (1700 Series),AP 1700,AireOS 8.5.151 ,AireOS 8.5.120,1.0,Y,Y,Y,Y,Y,Y⁴,Y,N,Y,N,N,Y,,
Wireless,Cisco Aironet AP (1700 Series),AP 1700,IOS-XE 16.12.1S,IOS-XE 16.10.1e,1.1,Y,Y,Y,Y,Y,Y,Y,NA,NA,N,NA,Y,,
Wireless,Cisco Aironet AP (1800 Series),1800,AireOS 8.5.130,AireOS 8.5.120,1.1,N,N,Y,Y,Y,Y⁴,Y,N,Y,NA,N,Y,,
Wireless,Cisco Aironet AP (1800 Series),1800,IOS-XE 16.12.1S,IOS-XE 16.10.1e,1.1,Y,Y,Y,Y,Y,Y,Y,NA,NA,N,NA,Y,,
Wireless,Cisco Aironet AP (1815 Series),1815i,IOS-XE 16.12.1S,IOS-XE 16.10.1e,1.1,Y,Y,Y,Y,Y,Y,Y,NA,NA,N,NA,Y,,
Wireless,Cisco Aironet AP (1815 Series),1815m,IOS-XE 16.12.1S,IOS-XE 16.10.1e,1.1,Y,Y,Y,Y,Y,Y,Y,NA,NA,N,NA,Y,,
Wireless,Cisco Aironet AP (1815 Series),1815w,IOS-XE 16.12.1S,IOS-XE 16.10.1e,1.1,Y,Y,Y,Y,Y,Y,Y,NA,NA,Y,NA,Y,,
Wireless,Cisco Aironet AP (1815 Series),1815w,AireOS 8.5.130,AireOS 8.5.120,1.1,Y,Y,Y,Y,Y,Y⁴,Y,N,Y,NA,N,Y,,
Wireless,Cisco Aironet AP (1830 Series),1832i,AireOS 8.8.125,AireOS 8.5.120,1.1,Y,N,Y,Y,Y,Y⁴,Y,N,Y,NA,N,Y,,
Wireless,Cisco Aironet AP (1830 Series),1832i,IOS-XE 16.12.1S,IOS-XE 16.10.1e,1.1,Y,Y,Y,Y,Y,Y,Y,NA,NA,N,NA,Y,,
Wireless,Cisco Aironet AP (1840 Series),AP1840,AireOS 8.8.125,AireOS 8.9.111,1.3.1,Y,Y,Y,Y,Y,Y,Y,NA,NA,NA,N,Y,,
Wireless,Cisco Aironet AP (1840 Series),AP1840,IOS-XE 16.12.1S,IOS-XE 16.12.1,1.3,Y,Y,Y,Y,Y,Y,Y,NA,NA,N,NA,Y,,
Wireless,Cisco Aironet AP (1850 Series),1852e,IOS-XE 16.12.1S,IOS-XE 16.10.1e,1.1,Y,Y,Y,Y,Y,Y,Y,NA,NA,N,NA,Y,,
Wireless,Cisco Aironet AP (1850 Series),1852i,AireOS 8.8.125,AireOS 8.5.120,1.1,Y,Y,Y,Y,Y,Y⁴,Y,N,Y,NA,N,Y,,
Wireless,Cisco Aironet AP (2600 Series),AP 2600,AireOS 8.5.130,AireOS 8.5.120,1.1,Y,N,Y,Y,Y,Y⁴,Y,N,Y,N,N,Y,,
Wireless,Cisco Aironet AP (2700 Series),AP 2700,AireOS 8.5.130,AireOS 8.5.120,1.0,Y,Y,Y,Y,Y,Y⁴,Y,N,Y,N,N,Y,,
Wireless,Cisco Aironet AP (2700 Series),AP 2700,IOS-XE 16.12.1S,IOS-XE 16.10.1e,1.1,Y,Y,Y,Y,Y,Y,Y,NA,NA,N,NA,Y,,
Wireless,Cisco Aironet AP (2800 Series),AP 2800 E,AireOS 8.8.125,AireOS 8.5.120,1.1,Y,Y,Y,Y,Y,Y⁴,Y,N,Y,NA,N,Y,,
Wireless,Cisco Aironet AP (2800 Series),AP 2800 E,IOS-XE 16.12.1S,IOS-XE 16.10.1e,1.1,Y,Y,Y,Y,Y,Y,Y,NA,NA,Y,NA,Y,,
Wireless,Cisco Aironet AP (2800 Series),AP 2800 I,AireOS 8.8.125,AireOS 8.5.120,1.1,Y,Y,Y,Y,Y,Y⁴,Y,N,Y,NA,N,Y,,
Wireless,Cisco Aironet AP (2800 Series),AP 2800 I,IOS-XE 16.12.1S,IOS-XE 16.10.1e,1.1,Y,Y,Y,Y,Y,Y,Y,NA,NA,Y,NA,Y,,
Wireless,Cisco Aironet AP (3500 Series),AP 3500,AireOS 8.5.130,AireOS 8.5.120,1.1,Y,Y,Y,Y,Y,N,Y,N,Y,N,N,Y,,
Wireless,Cisco Aironet AP (3600 Series),AP 3600,AireOS 8.5.130,AireOS 8.5.120,1.1,Y,Y,Y,Y,Y,Y⁴,Y,N,Y,N,N,Y,,
Wireless,Cisco Aironet AP (3700 Series),AP 3700,AireOS 8.5.130,AireOS 8.5.120,1.0,Y,Y,Y,Y,Y,Y⁴,Y,N,Y,N,N,Y,,
Wireless,Cisco Aironet AP (3700 Series),AP 3700,IOS-XE 16.12.1S,IOS-XE 16.10.1e,1.1,Y,Y,Y,Y,Y,Y,Y,NA,NA,N,NA,Y,,
Wireless,Cisco Aironet AP (3800 Series),AP 3800 E,AireOS 8.8.125,AireOS 8.5.120,1.1,Y,Y,Y,Y,Y,Y⁴,Y,N,Y,NA,N,Y,,
Wireless,Cisco Aironet AP (3800 Series),AP 3800 E,IOS-XE 16.12.1S,IOS-XE 16.10.1e,1.1,Y,Y,Y,Y,Y,Y,Y,NA,NA,Y,NA,Y,,
Wireless,Cisco Aironet AP (3800 Series),AP 3800 I,AireOS 8.8.125,AireOS 8.5.120,1.1,Y,Y,Y,Y,Y,Y⁴,Y,N,Y,NA,N,Y,,
Wireless,Cisco Aironet AP (3800 Series),AP 3800 I,IOS-XE 16.12.1S,IOS-XE 16.10.1e,1.1,Y,Y,Y,Y,Y,Y,Y,NA,NA,Y,NA,Y,,
Wireless,Cisco Aironet AP (3800 Series),AP 3800 P,AireOS 8.8.125,AireOS 8.5.120,1.1,Y,Y,Y,Y,Y,Y⁴,Y,N,Y,NA,N,Y,,
Wireless,Cisco Aironet AP (3800 Series),AP 3800 P,IOS-XE 16.12.1S,IOS-XE 16.10.1e,1.1,Y,Y,Y,Y,Y,Y,Y,NA,NA,Y,NA,Y,,
Wireless,Cisco Aironet AP (4800 Series),AP 4800,AireOS 8.8.125,AireOS 8.5.120,1.1,Y,Y,Y,Y,Y,Y⁴,Y,N,Y,NA,N,Y,,
Wireless,Cisco Aironet AP (4800 Series),AP 4800,IOS-XE 16.12.1S,IOS-XE 16.10.1e,1.1,Y,Y,Y,Y,Y,Y,Y,NA,NA,Y,NA,Y,,
Wireless,Cisco Aironet AP (700 Series),AP 700,AireOS 8.5.130,AireOS 8.5.120,1.1,Y,Y,Y,Y,Y,Y⁴,Y,N,Y,N,N,Y,,
Wireless,Cisco Mobility Express for Aironet (1540 Series),1542d,AireOS 8.8.100,AireOS 8.8.100,1.2.5,Y,Y,Y,Y,Y,Y,Y,NA,NA,NA,NA,N,,
Wireless,Cisco Mobility Express for Aironet (1540 Series),1542i,AireOS 8.8.100,AireOS 8.8.100,1.2.5,Y,Y,Y,Y,Y,Y,Y,NA,NA,NA,NA,N,,
Wireless,Cisco Mobility Express for Aironet (1560 Series),1560,AireOS 8.8.100,AireOS 8.8.100,1.2.5,Y,Y,Y,Y,Y,Y,Y,NA,NA,NA,NA,N,,
Wireless,Cisco Mobility Express for Aironet (1800 Series),1800,AireOS 8.8.100,AireOS 8.8.100,1.2.5,Y,Y,Y,Y,Y,Y,Y,NA,NA,NA,N,N,,
Wireless,Cisco Mobility Express for Aironet (1815 Series),1815i,AireOS 8.8.100,AireOS 8.8.100,1.2.5,Y,Y,Y,Y,Y,Y,Y,NA,NA,NA,NA,N,,
Wireless,Cisco Mobility Express for Aironet (1815 Series),1815m,AireOS 8.8.100,AireOS 8.8.100,1.2.5,Y,Y,Y,Y,Y,Y,Y,NA,NA,NA,NA,N,,
Wireless,Cisco Mobility Express for Aironet (1815 Series),1815w,AireOS 8.8.100,AireOS 8.8.100,1.2.5,Y,Y,Y,Y,Y,Y,Y,NA,NA,NA,NA,N,,
Wireless,Cisco Mobility Express for Aironet (1830 Series),1832i,AireOS 8.8.100,AireOS 8.8.100,1.2.5,Y,Y,Y,Y,Y,Y,Y,NA,NA,NA,NA,N,,
Wireless,Cisco Mobility Express for Aironet (1840 Series),1840,AireOS 8.8.125,AireOS 8.9.111,1.3,Y,Y,Y,Y,Y,Y,Y,NA,NA,NA,NA,N,,
Wireless,Cisco Mobility Express for Aironet (1850 Series),1852e,AireOS 8.8.100,AireOS 8.8.100,1.2.5,Y,Y,Y,Y,Y,Y,Y,NA,NA,NA,NA,N,,
Wireless,Cisco Mobility Express for Aironet (1850 Series),1852i,AireOS 8.8.100,AireOS 8.8.100,1.2.5,Y,Y,Y,Y,Y,Y,Y,NA,NA,NA,NA,N,,
Wireless,Cisco Mobility Express for Aironet (1850 Series),1852i,IOS-XE 16.12.1S,IOS-XE 16.10.1e,1.1,Y,Y,Y,Y,Y,Y,Y,NA,NA,N,NA,Y,,
Wireless,Cisco Mobility Express for Aironet (2800 Series),2800,AireOS 8.8.100,AireOS 8.8.100,1.2.5,Y,Y,Y,Y,Y,Y,Y,NA,NA,NA,N,N,,
Wireless,Cisco Mobility Express for Aironet (2800 Series),2800e,AireOS 8.8.100,AireOS 8.8.100,1.2.5,Y,Y,Y,Y,Y,Y,Y,NA,NA,NA,NA,N,,
Wireless,Cisco Mobility Express for Aironet (2800 Series),2800i,AireOS 8.8.100,AireOS 8.8.100,1.2.5,Y,Y,Y,Y,Y,Y,Y,NA,NA,NA,NA,N,,
Wireless,Cisco Mobility Express for Aironet (3800 Series),4800,AireOS 8.8.100,AireOS 8.8.100,1.2.5,Y,Y,Y,Y,Y,Y,Y,NA,NA,NA,NA,N,,
Wireless,Cisco Mobility Express for Aironet (3800 Series),3800e,AireOS 8.8.100,AireOS 8.8.100,1.2.5,Y,Y,Y,Y,Y,Y,Y,NA,NA,NA,NA,N,,
Wireless,Cisco Mobility Express for Aironet (3800 Series),3800i,AireOS 8.8.100,AireOS 8.8.100,1.2.5,Y,Y,Y,Y,Y,Y,Y,NA,NA,NA,NA,N,,
Wireless,Cisco Mobility Express for Aironet (3800 Series),3800p,AireOS 8.8.100,AireOS 8.8.100,1.2.5,Y,Y,Y,Y,Y,Y,Y,NA,NA,NA,NA,N,,
Wireless,Cisco Mobility Express for Aironet (4800 Series),4800,AireOS 8.8.100,AireOS 8.8.100,1.2.5,Y,Y,Y,Y,Y,Y,Y,NA,NA,NA,NA,N,,
IOT Wireless,Cisco Industrial Wireless 3702 Access Point,IW3702-2E-B-K9,IOS 15.3(3)JJ1,IOS 15.3(3)JJ2,1.3.1.0,Y,Y,Y,Y,Y,Y,Y,NA,N,NA,N,Y,,
Security,Cisco Identity Services Engine,ISE,ISE 2.6 (Latest Patch),ISE 2.4 Patch 8,1.2,NA,NA,NA,NA,NA,NA,NA,NA,NA,NA,NA,Y,,
Virtual,ASA,ASAv,9.6.1,9.6.1,1.1,N,Y,Y,N,N,N,N,Y,N,N,N,N,,
Virtual,Cisco Cloud Services Router 1000V Series,CSRv,IOS-XE 16.6.3,15.3(1)S1,1.0,Y,Y,Y,Y,Y,Y⁴,Y,N,Y,N,Y,Y,,
Virtual,Cisco NGFWv,N/A,6.4.0,6.4.0,1.3.1.0,Y,N,N,N,N,N,N,Y,N,N,N,N,,
Virtual,ENCS,ENCS 5100,3.11.2,3.10.1,1.1,N,Y,Y,N,Y,Y,Y,Y,N,N,N,N,,
Virtual,ENCS,ENCS 5400,3.11.2,3.10.1,1.1,N,Y,Y,N,Y,Y,Y,Y,N,N,N,N,,
Virtual,Fortinet, N/A,Fortigate 5.6.2,Fortigate 5.4,1.3.1.0,Y,N,N,N,N,N,N,Y,N,N,N,N,,
Virtual,ISRv,ISRv,IOS-XE 16.6.3,15.3(1)S1,1.1,N,Y,Y,N,N,N,N,Y,N,N,N,N,,
Virtual,Palo Alto,N/A, 8.1.3, 8.1.3,1.3.1.0,Y,N,N,N,N,N,N,Y,N,N,N,N,,
Virtual,Riverbed,N/A,9.0,9.0,1.3.1.0,N,N,N,N,N,N,N,Y,N,N,N,N,,
Virtual,Silver Peak,N/A,7.3.9.0,7.3.9.0,1.3.1.0,N,N,N,N,N,N,N,Y,N,N,N,N,,
Virtual,UCS C-Series Rack Servers,UCS-C220,3.11.2,3.10.1,1.1,N,Y,Y,N,Y,Y,Y,Y,N,N,N,N,,
Virtual,UCS E-Series Blade Servers for ISR routers,UCSE on ISR43xx,3.11.2,3.10.1,1.1,N,Y,Y,N,Y,Y,Y,Y,N,N,N,N,,
Virtual,UCS E-Series Blade Servers for ISR routers,UCSE on ISR44xx,3.11.2,3.10.1,1.1,N,Y,Y,N,Y,Y,Y,Y,N,N,N,N,,
Virtual,WAAS,vWAAS,16.2,16.2,1.1,N,Y,Y,N,N,N,N,Y,N,N,N,N,,
Integrations,IPAM Module,Bluecat,8.2.x,8.2,1.1,NA,N,NA,NA,NA,NA,NA,NA,NA,NA,NA,NA,,
Integrations,IPAM Module,Infoblox,NIOS 6.8,NIOS 6.8,1.1,NA,N,NA,NA,NA,NA,NA,NA,NA,NA,NA,NA,,
,,,,,,,,,,,,,,,,,,,
Legentd,,,,,,,,,,,,,,,,,,,
Y,Device is supported,,,,,,,,,,,,,,,,,,
N,Device is NOT supported,,,,,,,,,,,,,,,,,,
NA,Device and/or App/Functionality combination is not applicable for a given device,,,,,,,,,,,,,,,,,,
,,,,,,,,,,,,,,,,,,,
Footnotes,,,,,,,,,,,,,,,,,,,
¹,Min. supported version will only support Discovery and Inventory,,,,,,,,,,,,,,,,,,
²,"For all devices not fully supported for Essentials in 1.2, will be fully supported in subsequent releases",,,,,,,,,,,,,,,,,,
³,For updated version on SDA Support go to click here to go to SDA Compatibility Matrix Page,,,,,,,,,,,,,,,,,,
⁴,PnP may require enabling TLS v1.0 on Cisco DNA Center appliance unless using TLS v1.1 compliant images:,,,,,,,,,,,,,,,,,,
5,SD-Access Extension for IoT,,,,,,,,,,,,,,,,,,
,,,,,,,,,,,,,,,,,,,
,,,,,,,,,,,,,,,,,,,